順位,サイト名,記事タイトル,URL,スニペット,"本文(H2-4,P,Li,Blockquote,最大5万文字)"
1,jsite.mhlw.go.jp,派遣労働者のキャリアアップのため、 教育訓練計画を策定して ...,https://jsite.mhlw.go.jp/yamanashi-roudoukyoku/content/contents/000399896.pdf,※P2参照. ④ 派遣労働者として雇用する際に実施する教育訓練（入職時の教育訓練）が含まれている。 ⑤ 無期雇用派遣労働者への教育訓練は、長期的なキャリア形成を念頭に置いた ...,(本文抽出不可)
2,pro-seeds.com,年8時間の派遣社員のキャリアアップ教育訓練とは？具体例で紹介 ...,https://www.pro-seeds.com/haken/blog/haken-kyouikukunren/,2025/09/10 ... 2015年9月の改正労働者派遣法によって、派遣社員に入社して3年間、年間8時間以上のキャリアアップ教育訓練を受けさせること、4年目以降もキャリアの ...,""
3,jsite.mhlw.go.jp,段階的かつ体系的な教育訓練の 考え方について,https://jsite.mhlw.go.jp/yamanashi-roudoukyoku/library/yamanashi-roudoukyoku/jukyuu/shoukai/21_2.pdf,キャリアアップに資するとは例えば、. 派遣労働者の賃金などの処遇があがること. 派遣労働者から正社員として雇用されること. 職務を遂行するにあたっての技術的レベル ...,(本文抽出不可)
4,careersupply.co.jp,キャリアアップに資する教育訓練実施計画,https://www.careersupply.co.jp/wp/wp-content/uploads/2018/02/%E5%85%AC%E9%96%8B%E8%B3%87%E6%96%99%E2%91%A1.pdf,電話応対など実践的なスキル. を身に付ける。 デスクワークに従事するために. 必要な教育。パソコンスキルを. 習得し、与えられた業務に対し.,(本文抽出不可)
5,cross-course.com,任意とされている4年目以降のキャリアアップ教育訓練について ...,https://cross-course.com/useful/4thyear/,2019/06/05 ... 派遣会社は、労働者派遣法第30条の2において、入社3年目まで毎年1回以上のキャリアアップに資する教育訓練の機会を提供することが義務付けられてい ...,"任意とされている4年目以降のキャリアアップ教育訓練について | 派遣のナレッジ任意とされている4年目以降のキャリアアップ教育訓練について 2019/06/05派遣会社は、労働者派遣法第30条の2において、入社3年目まで毎年1回以上のキャリアアップに資する教育訓練の機会を提供することが義務付けられていますが、入社4年目以降の訓練機会の提供時期は事業主の裁量に委ねられています。&nbsp;「義務付けられていることだけ実施すればいいのでは？」と考える方もいらっしゃるかもしれませんが、そうではありません。&nbsp;今回は、入社4年目以降のキャリアアップ教育訓練についてまとめてみました。&nbsp;目次1 キャリアアップに資するとは？

2 教育訓練の実施方法

3 入社4年目以降もキャリアアップ教育訓練が必要な理由

4 入社4年目以降の教育訓練カリキュラム

5 受講時間に下限はあるの？

6 まとめ

キャリアアップに資するとは？

キャリアアップに資するとは、例えば、以下のことをいいます。

&nbsp;

・派遣スタッフの賃金などの処遇が上がること・派遣スタッフから正社員として直接雇用されること・職務遂行能力・技術的レベルを上げること

&nbsp;

キャリアアップに資する教育訓練計画を策定するにあたり、上記のことを念頭に置く必要があります。&nbsp;会社が掲げた目的や目標を達成できる人材を育てるには、いつまでに、どのような教育を行うのかということを具体的に考える必要があります。

&nbsp;

教育訓練の実施方法

実施方法として、例えば以下のような取り組みが考えられます。

&nbsp;

・e-ラーニングの活用・社内での講座の開催・外部の訓練期間を利用・派遣先における計画的なOJT※※派遣先に協力を求める場合は、労働者派遣契約等において具体的な時間数や必要とする知識の付与や訓練方法等について記載する必要があります。通常業務で行われるOJTではありません。

&nbsp;

最近は、派遣スタッフの利便性を考慮し、自宅でも受講可能なe-ラーニングの活用が増えています。&nbsp;改正から3年以上経過していますが、取り組めていない会社もまだあるようです。&nbsp;許可更新時に過去に提出した事業報告書記載の教育訓練実績が許可の参考材料にもなりますので、まだ取り組めていない会社は、すぐにでも導入を進めましょう。

&nbsp;

入社4年目以降もキャリアアップ教育訓練が必要な理由

労働者派遣事業の許可要件の一つに、入社4年目以降もキャリアアップ教育が必要であることが、示されています。

&nbsp;

労働者派遣事業関係業務取扱要領（平成31年4月厚生労働省職業安定局）抜粋&nbsp;第3の1の（8）許可要件（許可の基準）ロの②の（イ）のｄ（ａ）派遣労働者全員に対して入職時の教育訓練は必須であること。また、教育訓練は、少なくとも最初の3年間は毎年1回以上の機会の提供が必要であり、その後も、キャリアの節目などの一定の期間ごとにキャリアパスに応じた研修等が用意されていること。&nbsp;（ｂ）実施時間数については、フルタイムで1年以上の雇用見込みの派遣労働者一人当たり、少なくとも最初の3年間は、毎年概ね8時間以上の教育訓練の機会の提供が必要であること。&nbsp;（ｃ）派遣元事業主は上記の教育訓練計画の実施に当たって、教育訓練を適切に受講できるように就業時間等に配慮しなければならない。

&nbsp;

派遣事業の許可要件として示されている以上、これを無視するわけにはいきません。&nbsp;キャリアアップに資する教育訓練計画を策定し、実際に対象者が生じたら実行しましょう。&nbsp;また、上記のみならず、無期雇用者においても入社4年目以降の教育訓練が必要です。&nbsp;労働者派遣法第30条の2後段において、以下の規定があります。

&nbsp;

この場合において、当該派遣労働者が無期雇用派遣労働者（期間を定めないで雇用される派遣労働者をいう。以下同じ。）であるときは、当該無期雇用派遣労働者がその職業生活の全期間を通じてその有する能力を有効に発揮できるように配慮しなければならない。

&nbsp;

派遣スタッフは、正社員に比べて職業能力形成の機会が乏しいことが義務化の背景にあります。&nbsp;そのため、無期雇用派遣スタッフも正社員と同じように教育訓練を行い、職業能力形成の機会を提供することが必要とされています。

&nbsp;

入社4年目以降の教育訓練カリキュラム

以下は無期雇用派遣スタッフの例示ですが、入社4年目以降の有期雇用派遣スタッフにも、これに準じた訓練を行うことが望ましいです。

&nbsp;

労働者派遣事業関係業務取扱要領（平成31年4月厚生労働省職業安定局）抜粋&nbsp;第7の3の（3）段階的かつ体系的な教育訓練についてホ 無期雇用派遣労働者に対しては、長期的なキャリア形成を念頭に置いた内容であること無期雇用派遣労働者については、派遣労働者以外の期間の定めなく雇用されている労働者と同様に、長期的なキャリア形成を念頭において教育訓練を行う必要がある例えば同一の派遣先に長期間勤務した者については、職場のリーダーとして役割が期待されるので、コミュニケーション能力やマネージメントスキルに係る研修を行うことが考えられる。

&nbsp;

上記からわかるように、一般企業の正社員と同様のキャリア像が求められています。&nbsp;入社3年目までは社会人マナーや業務遂行能力を磨くことが求められ、入社4年目以降は部下とのコミュニケーション力、リーダーシップ、高度の専門的知識レベル、判断力が必要な業務遂行ができるように教育訓練を行うことが必要です。

&nbsp;

受講時間に下限はあるの？

入社4年目以降は事業主の裁量に委ねられているため、最低〇時間以上といった下限はありません。&nbsp;会社が掲げた目的や目標を達成するために必要な時間となります。&nbsp;ちなみに、厚生労働省が交付しているマニュアルの記載例には、4年目以降の計画が定められており、訓練時間は4時間とされています。

&nbsp;

まとめ

派遣会社として派遣スタッフをただ派遣先に送り出すだけではなく、雇用者として派遣スタッフの人材育成、雇用を維持することが求められています。&nbsp;制度としてせっかく教育訓練計画を作成するのであれば、中途半端な教育を行うよりも本格的な訓練計画を作成し、スキルの高い派遣スタッフに育てることをお勧めします。&nbsp;スキルの高いスタッフであれば、必然と派遣料金も高く設定することができますし、会社のネームバリューも上がります。ぜひご検討いただけたらと存じます。

&nbsp;

執筆者紹介

吉田 彩乃 社会保険労務士法人ザイムパートナーズ

大学在学中に社会保険労務士試験合格。一般企業にて人事労務職を経験後、ザイムパートナーズに入所。現在は、副代表に就任し、派遣会社をメインに労務相談、就業規則、教育訓練、派遣許可・更新申請等に関するコンサルティング業務を担当。社会保険労務士法人ザイムパートナーズ

関連記事

労使協定方式とキャリアアップ教育訓練の関係とは

講座製作者の声：「ものづくりはひとづくり」仕事と作業の違いとは～ものづくり教育プログラム～

講座製作者の声：「高い技術＝高い品質」とは限らない～品質管理プログラム～

講座製作者の声：「リーダー」という役割が自身を高めてくれる～現場リーダー教育～

人気ランキング

2020年から施行される派遣法改正～労働者派遣契約編～

2020年4月1日より、労働者派……

派遣社員の住所や電話番号等の個人情報を派遣先に提供できるか？

派遣先から派遣社員の個人情報を開……

同一労働同一賃金～労使協定方式と賃金テーブルについて～

来年2020年4月1日より改正さ……

ピックアップ記事

2020年から施行される派遣法改正～労働者派遣契約編～

2020年4月1日より、労働者派……

2020年から施行される派遣法改正～違反行為の罰則編～

2020年4月1日より、労働者派……

講座製作者の声：「ものづくりはひとづくり」仕事と作業の違いとは～ものづくり教育プログラム～

&nbsp;クロスラーニング……

■SITE MAP

ホーム

派遣情報

eラーニング

運営会社

キャリアアップ教育訓練講座一覧

製造

物流

ヒューマンスキル

ビジネススキル

Office

試験対策

ITエンジニア

建築

販売

福祉

キャリア担当者養成講座

■SERVICE

本講座にご興味のあるお客様へ

各講座の無料体験実施中！

ご不明な点がございましたら、まずはお気軽にお問い合わせください。

Copyright © Crosslink.All Rights Reserved."
6,staff-creative.co.jp,キャリアアップに資する教育訓練,https://staff-creative.co.jp/wp-content/uploads/2021/02/career.pdf,(教育訓練の目的)OA スキルの基礎を学ぶ. 様式第3号－2（添付資料）. キャリアアップに資する教育訓練. (教育訓練の目的)初めての派遣先での職種別のマナー及びルールの ...,(本文抽出不可)
7,jinjibu.jp,キャリアアップに資する教育訓練について｜人事のQ&A『日本の ...,https://jinjibu.jp/qa/detl/97693/1/,2020/10/21 ... ▽法に定められたキャリアアップに資する教育訓練は、ご理解の様に、有給、且つ、本人負担なしでなければなりません。 ▽法定時間外、法定休日に実施された ...,"碇邦生さん：教え上手任せは現場が疲弊する教わり上手な人材が持つ「コーチアビリティ」で生産性向上を孤立する個人、すれ違う組織――頼り、頼られる組織文化をいかに育むか 変化の激しい時代を乗り越えるビジネススキル「受援力」"">吉田穂波さん：孤立する個人、すれ違う組織――頼り、頼られる組織文化をいかに育むか 変化の激しい時代を乗り越えるビジネススキル「受援力」企業のミドルシニア層の採用に関する調査レポート（バイアス編）メニュー『日本の人事部』 - 人材採用・育成、組織開発のナレッジコミュニティ検索ログイン会員登録メニュー『日本の人事部』とは

事務局からのお知らせ

ヘルプ

サイトマップ

リンク・引用について

著作権と商標について

ご利用規約

プライバシー・ポリシー

特定商取引法に基づく表示

運営会社

または各SNSで登録

既に会員の方はこちらからログイン

いつもお世話になります。 弊社は派遣元となります。 キャリアアップに資する教育訓練について質問が御座います。 ①教育訓練を受けた時間は有給でなければならないと思うのですが、 この時間は通常の稼働時間に含めて計算し、給与明細上も通常の稼働時間としていいのでしょうか。 また、教育訓練の時間を合算してその日が8時間超えていた場合や、法定休日に教育訓練を受けた場合は 割増賃金が発生すると考えてよろしいでしょうか。 ②会社としてeラーニングにて教育訓練を実施しておりますが、 何度従業員へ促しても受講率が伸びません。 派遣事業報告書の受講者の実人数が少なくても大丈夫なのでしょうか・・・ 宜しくお願い致します。

投稿日：2020/10/21 15:26 ID：QA-0097693

この相談に関連するQ&amp;A

キャリアアップに資する教育訓練について 自社の通常の労働者（契約社員）として... &ensp;[2024/03/11]

雇用調整助成金（コロナ）の教育訓練について コロナウイルスの影響を受け生産調整し... &ensp;[2020/08/26]

入職時の教育訓練について 入職時の教育訓練は必須とありますが、... &ensp;[2023/04/24]

労働者派遣事業の教育訓練について 当社は本年4月より現在請負で全国に散... &ensp;[2024/01/26]

[PR]【11月開催】全204講演ライブ配信！ 人事トレンドを網羅したオンラインイベント

プロフェッショナル・人事会員からの回答

プロフェッショナルからの回答

報告義務はあるが、勧告等の法定措置はない

▼法に定められたキャリアアップに資する教育訓練は、ご理解の様に、有給、且つ、本人負担なしでなければなりません。 ▼法定時間外、法定休日に実施された場合は、法定割増賃金の支払いが必要です。 ▼派遣事業報告書には、受講者の実人数の記載が必要ですが、受講者数、受講率の高低に関する勧告等の法定措置はないようです。 ▼次回の報告書提出時期に、より高い受講率を報告できるよう努力して下さい。

投稿日：2020/10/22 10:04 ID：QA-0097710

ご回答頂きありがとうございます。大変参考になりました。高い受講率を目指して努力して参ります。

投稿日：2020/10/29 18:42 ID：QA-0097926大変参考になった

プロフェッショナルからの回答

対応

①教育訓練ですので業務命令で受講させる以上は業務であり、勤務時間となります。8時間越えや深夜割増しも適用されます。 ②大丈夫と担保できるものではありませんが、ただちに罰則など無いように感じます。形ただ骸化して有名無実だったりするのは当然避けるべきで、少しでも受講しやすい努力などは姿勢を示すべきかと思います。受講者時給アップや一時的な懸賞的なインセンティブなどないでしょうか。

投稿日：2020/10/22 14:59 ID：QA-0097718

ご回答ありがとうございます。やはり割増計算になるのですね。受講しやすい環境作りを目指して努力していこうと思います。

投稿日：2020/10/29 18:44 ID：QA-0097927大変参考になった

回答に記載されている情報は、念のため、各専門機関などでご確認の上、実践してください。 回答通りに実践して損害などを受けた場合も、『日本の人事部』事務局では一切の責任を負いません。 ご自身の責任により判断し、情報をご利用いただけますようお願いいたします。

キャリアアップに資する教育訓練について 自社の通常の労働者（契約社員）と... &ensp;[2024/03/11]

雇用調整助成金（コロナ）の教育訓練について コロナウイルスの影響を受け生産調... &ensp;[2020/08/26]

入職時の教育訓練について 入職時の教育訓練は必須とあります... &ensp;[2023/04/24]

労働者派遣事業の教育訓練について 当社は本年4月より現在請負で全国... &ensp;[2024/01/26]

雇用調整助成金（コロナ）の教育訓練について さて、弊社もこのコロナウイルスの... &ensp;[2020/06/17]

キャリアアップに資する教育訓練について 掲題の件で質問がございます。下記... &ensp;[2024/02/08]

常用雇用型派遣の教育訓練の実施について 労働者派遣事業報告書の「キャリア... &ensp;[2019/05/24]

教育訓練について 誠に初歩的な質問で申し訳ありませ... &ensp;[2023/04/04]

出勤簿について 弊社では新しい勤怠システムを導入... &ensp;[2021/05/08]

教育訓練について 今回の雇用調整助成金における「教... &ensp;[2020/07/14]

幹部社員の教育訓練の目的は経営戦略を理解して、幹部としての責務を果たすこと。一堂に会して検討・議論する中で、一体感や競争心も生まれます。ここでは幹部社員の教育プログラム例をご用意しました。Word形式なので自社に合わせてカスタマイズできます。

給与明細電子化にあたり、従業員から個別に同意をとるための例文付きテンプレートです。

労働者派遣の契約を締結するときに、個別に事項を定めるための契約書です。

この相談に関連する記事

【労働法超入門】派遣社員雇入れ時の教育訓練の説明義務（労働新聞社）

令和3年1月と4月に、改正派遣則・告示が施行されています。派遣法の見直しについては、平成27改正当時の附則で「施行後3年をメドに行う」と定められていました。今回...

「改正労働者派遣法」施行に伴う派遣社員のキャリアアップ教育にどう対応するのか

2015年9月に施行された「改正労働者派遣法」により、派遣社員活用のあり方は大きく変化しました。派遣社員は正社員と比べて職業能力形成の機会が乏しいことなどから、...

【労働法超入門】派遣労働者の雇用安定に関する希望聴取（労働新聞社）

改正派遣則・告示の4月施行分では、（1）派遣労働者の雇用安定に関する希望聴取と（2）マージン率などの情報提供に関して、事業主の義務が強化されています。今回は、（...

あわせて読みたいキーワード

キャリア形成支援制度

すべての労働者派遣事業を国の許可制とする改正労働者派遣法が2015年9月30日に施行され、新たな許可基準の一つとして、派遣労働者のキャリアアップを後押しする計画的な教育訓練の実施が派遣会社に義務付けられました。同法では、この教育訓練の仕組みを「キャリア形成支援制度」と称し、派遣会社が雇用するすべての...

人材投資促進税制

人材育成に積極的に取り組む企業を支援するため、教育訓練費の一定割合を法人税額から控除する制度。2005年度の税制改正で創設されました。

有給教育訓練休暇

「有給教育訓練休暇」とは、就労中の労働者が教育訓練を受けるために、一定期間有給で職場を離れることを認める休暇制度です。国際労働機関（ILO）は、1974年の第59回総会で、同制度を労働者の権利として保障し、その付与に向けた政策の策定・運用を加盟各国に求める「有給教育休暇に関する条約」を採択しました...

カテゴリ別にQ&amp;Aを見る

全てのカテゴリ

新卒採用

中途採用

アルバイト・パート採用

人材派遣・業務請負

育成・研修

人事管理

評価・考課

報酬・賃金

労務・法務・安全衛生

福利厚生

助成金

その他

Share

Follow

コンテンツ

読む

記事

ニュース

調査

探す

サービス

セミナー

資料

学ぶ

人事辞典

3分ドリル

LEADERS

人事カレンダー

CHRO養成塾

Q&amp;A

人事のQ&amp;A

イベント

ＨＲラウンドテーブル

ＨＲカンファレンス

ＨＲアワード

ＨＲアカデミー

ＨＲコンソーシアム

特集サイト

健康経営

人的資本経営

HRテクノロジー

新卒採用.jp

適性検査.jp

福利厚生.jp

給与計算.jp

メンタルヘルス.jp

お知らせ

事務局へのお問合せ

プレス/ニュースリリース掲載

広告掲載・イベント出展

編集者募集

関連情報

プロネット

人事メディア情報

日本の人事部について

『日本の人事部』とは

事務局からのお知らせ

サイトマップ

リンク・引用について

著作権と商標について

ご利用規約

プライバシー・ポリシー

特定商取引法に基づく表示

運営会社"
8,peoplehorizon.jp,PEOPLE HORIZON株式会社のキャリアアップに資する教育訓練,https://peoplehorizon.jp/skillupeducationaltraining.html,PEOPLE HORIZONのキャリアップに資する教育訓練は以下のような概要で構成されています。 まず、「不安や恐怖焦燥からどう脱するか キャリア形成の全体俯瞰像」を始めとし、 ...,"キャリアアップに資する教育訓練PEOPLE HORIZONのキャリアップに資する教育訓練は以下のような概要で構成されています。まず、「不安や恐怖焦燥からどう脱するか キャリア形成の全体俯瞰像」を始めとし、次に、「PEOPLE HORIZON Performance Star」と題し、仕事ぶりの客観視するのに役立つ要素を一覧にしています。 まず、核となる言動と姿勢を中核とし、基礎・応用・熟練と上昇のステップをわかりやすくまとめています。

いわゆる「スキル」は、知識としてのスキル ( Awareness スキル＝知っているかどうかのスキル）と経験としてのスキル IPD （インターパーソナル ダイバーシティー） に分け、経験がなくても知っていれば強みになりうることにもスポットライトをあてます。

これらに、志向とスタイル（タイプ）を相互に認識し、個々人の多様性に沿うように図る仕組みもあります。これらは、学習スタイル、葛藤処理方法、リスク感受性などを始め全部で12の要素にスポットを当て,これらも良し悪しではなく違いや特徴を相互に認識し、働く皆さまが気分の良い仕事をすることを目的としています。

最後に、考慮すべき事情などその他の要素とともに、動機を探るという構造になっています。 動機がつくということが気分の良い仕事をする上でとても重要だからです。

さらに、PEOPLE HORIZON独自の「スキル俯瞰マップ」があります。このマップに基づきながら、社員の方が希望する段階に応じキャリアアップに必要なことを明らかにしています。「スキル俯瞰マップ」の構成は、【主体的学びへの欲求と姿勢がある】【就業を通じてキャリを形成していこうという動機づけがされている】【賃金を上げ下げする要素と「最も大事なこと」の構成を理解している】【成果・結果とはそもそも何かを考え理解するためのフレームワークを身につける】【持続可能な価値提供のための構造と正しい優先順位を理解実践している】【「他者評価 ＞ 自己評価」の謙虚さがあり、適性や能力はあとから開花するものと知る】【自分の仕事における顧客価値を意識している】の基礎土台から始まり、続いて、【具体的「武器」・テクニック】として16項目、【シニア向けプログラム】【キャリアを建造する正しい優先順位】と題しEQ、HQ、PQ、IQの4つの視点から、全部で39項目の具体的メニューをマッピングしています。地図があれば迷わないでもっとも最短距離を進むことができます。ともに探り、最適なプログラムを個々人の方に組み合わせてまいります。・「不安や恐怖焦燥からどう脱するか キャリア形成の全体俯瞰像」・「PEOPLE HORIZON Performance Star」・「スキル俯瞰マップ」 をご希望の社員の方は、お問い合わせフォームからご連絡ください。ご説明いたします。 Copyright©PEOPLE HORIZON株式会社 無断転載や引用を禁止します。

c 2018 PEOPLE HORIZON. All Rights Reserved."
9,e-coms.co.jp,派遣社員の教育訓練とは？労働者派遣法に基づき、注意点も含めて ...,https://www.e-coms.co.jp/column/temporary_employee_training,2024/07/25 ... 教育訓練は派遣社員のスキルアップやキャリア形成を目的としています。 2015年9月には派遣元企業に、2020年4月には派遣先企業において教育訓練が義務付け ...,"イー・コミュニケーションズ

全ての記事

研修育成

派遣社員の教育訓練とは？労働者派遣法に基づき、注意点も含めて解説します！

ツイート

SP時のハンバーガーメニューの3本線

すべての記事

カテゴリーCBT活用-IBT活用

オンライン研修

eラーニング

研修育成

コンプライアンス

人事評価

導入事例

会社概要

TOP

派遣社員の教育訓練とは、派遣社員に対して行うべき教育や訓練を指します。教育訓練は派遣社員のスキルアップやキャリア形成を目的としています。2015年9月には派遣元企業に、2020年4月には派遣先企業において教育訓練が義務付けられました。

この記事では、労働者派遣法に基づく教育訓練義務化の概要、教育訓練の目的、法改正の内容、そして派遣元と派遣先が行うべき具体的な対応策について解説します。

目次[非表示]

1.派遣社員の教育訓練とは？

1.1.派遣社員の教育訓練の目的

1.1.1.派遣社員のスキル向上とキャリアアップ

1.1.2.派遣先での均等・均衡待遇の確保

2.派遣元企業が行うべきキャリアアップ措置とは

2.1.教育訓練計画の必要要件

2.2.教育訓練の時期・頻度・時間数などの要件

2.3.教育訓練計画以外のキャリア形成制度に関する措置

2.4.キャリアコンサルティングの相談窓口の設置

2.4.1.キャリア形成を念頭に置いた派遣先の提供

2.5.派遣元企業におけるキャリアアップ措置に関する注意点

2.5.1.教育訓練計画に関する注意点

2.5.2.キャリアコンサルティングの相談窓口の設置義務の注意点

3.派遣先企業が行うべき教育訓練に関する措置とは

3.1.派遣先企業での教育訓練とは

3.1.1.訓練費用について

3.1.2.派遣元企業への情報提供

3.1.3.正社員の募集状況の提供義務

4.教育訓練計画の作成の流れ

4.1.ステップ１：現状の把握や分析

4.2.ステップ２：派遣社員の目標・目的の明確化

4.3.ステップ３：教育訓練計画の策定

4.3.1.訓練内容について

5.教育訓練の形式と選び方

5.1.OJT

5.2.集合研修

5.3.eラーニング

5.4.教育訓練にeラーニングを活用する際はイー・コミュニケーションズのSAKU-SAKUTestingをおすすめします

6.まとめ

派遣社員の教育訓練とは？

教育訓練（キャリア形成支援制度）とは、派遣社員のキャリアアップのための制度です。労働者派遣法では、2015年には派遣元企業において、派遣社員が段階的かつ体系的に業務に必要なスキルを習得できる教育訓練が義務化されました。また、2020年には、派遣先企業が派遣元企業に対して適切な教育訓練や待遇改善のために協力することが義務化されました。ここでは派遣社員の教育訓練について詳しく解説します。

派遣社員の教育訓練の目的

派遣社員の教育訓練の主な目的は、「派遣社員のスキル向上とキャリアアップ」「派遣先での均等・均衡待遇の確保」です。それぞれ簡単に解説します。

派遣社員のスキル向上とキャリアアップ

教育訓練を受けることで、スキル向上を図ることはもちろん、新しい知識や技術を習得することで、自身の市場価値が高まり、長期的なキャリアアップが期待できます。

派遣先での均等・均衡待遇の確保

同一労働同一賃金の実現に向け、2020年4月から派遣社員の不合理な待遇差をなくすため、労働者派遣法の改正がありました。派遣先企業は給与や福利厚生等について正社員との差別をなくすための配慮をすることが義務化されたことに加えて、正社員に対して業務遂行に必要な能力を付与するための教育訓練がある場合、派遣元企業から教育訓練を依頼された時は、派遣社員に対しても同様の教育訓練を実施することが義務化されました。

教育訓練（キャリア形成支援制度）はこれらの目的をもって定められました。

派遣元企業が行うべきキャリアアップ措置とは

次に派遣元企業が行うべきキャリアアップのための措置について詳しく解説します。派遣元企業は派遣社員のキャリアアップのために教育訓練計画を策定しなければなりません。教育訓練計画をたてる際の要件や派遣元企業が教育訓練で注意しなければならない事項を説明します。

教育訓練計画の必要要件

教育訓練はただ必要そうなスキルをピックアップして派遣社員に受けてもらうのではなく、教育訓練計画という計画を立てなくてはなりません。この計画はキャリアアップを念頭に置いた段階的かつ体系的なものである必要があり、いくつかの要件を満たすものでなければなりません。要件は以下の通りです。

①教育訓練は雇用するすべての派遣社員が対象②教育訓練は有給かつ無償で行われること③教育訓練は派遣社員のキャリアアップに資する内容であること キャリアアップに資する内容とは、派遣社員それぞれ目標や目的が異なるため、キャリア形成に対する考え方が違います。キャリアアップに資するとは、派遣社員それぞれの目標や目的を達成できる計画をたてる必要があります。④教育訓練は入社時の教育訓練も含む 入社時の教育訓練は必須です。少なくとも最初の３年間は毎年１回実施する必要があります。⑤無期雇用の派遣社員には、長期的なキャリア形成を考えた内容であること

また、すでに派遣社員、無期雇用派遣として雇用されている場合でも、教育訓練計画を作成する必要があります。その場合には、すでに雇用されている派遣社員に対する教育訓練計画だけでなく、今後、新しく派遣社員を雇い入れた場合に対応できるような、教育訓練計画を作成する必要があります。

教育訓練の時期・頻度・時間数などの要件

教育訓練には時期・頻度・時間数などの要件も満たす必要があります。前項で紹介した「④教育訓練は入社時の教育訓練も含む」の記載の通り、入社時は必ず教育訓練を実施しなくてはなりません。他にも以下のような対応が必要です。

・4年目以降はキャリアの節目など、一定期間ごとにキャリアパスに合わせた教育訓練を用意すること・フルタイムで１年以上の雇用が見込まれる派遣社員に対して毎年概ね8時間以上の教育訓練の機会を提供すること・教育訓練を適切に実施できるように、就業時間等の配慮をすること

教育訓練計画以外のキャリア形成制度に関する措置

教育訓練計画以外に「キャリア形成支援制度」でやらなければならない措置があります。

・キャリアコンサルティングの相談窓口の設置・キャリア形成を念頭に置いた派遣先の提供

キャリアコンサルティングの相談窓口の設置

この相談窓口には、以下の要件を満たす必要があります。・キャリアコンサルティングの専門知識をもっている者が配置されること・雇用されているすべての派遣社員が利用でき、希望すればキャリアコンサルティングを受けられること

キャリア形成を念頭に置いた派遣先の提供

「キャリア形成を念頭に置いた派遣先の提供」とは、派遣社員のキャリアを念頭に置いた派遣先を提供するための事務に関する手引きや、マニュアルが整備されている必要があります。

参考：キャリアアップに資する教育訓練計画の策定について（厚生労働省）

派遣元企業におけるキャリアアップ措置に関する注意点

「教育訓練計画」「キャリアコンサルティングの相談窓口の設置」の義務についていくつかの注意点があります。それぞれの注意点を解説します。

教育訓練計画に関する注意点

派遣社員との労働契約締結時までに、派遣社員に対して教育訓練計画の明示や周知をしましょう。そして、教育訓練計画に関する情報についてはインターネットやその他の方法でわかるようにしましょう。また、教育訓練を受ける際にかかる費用については、派遣先企業との間の交通費よりも高くなる場合は派遣元企業が負担すべきものとされています。

キャリアコンサルティングの相談窓口の設置義務の注意点

キャリアコンサルティングは希望によって行い、希望しているのにも関わらず実施しないことは認められません。

参考：派遣元事業主の講ずべき措置は・・・（厚生労働省）

派遣先企業が行うべき教育訓練に関する措置とは

2020年4月の労働者派遣法の法改正から、派遣社員の平等な待遇を確保するための措置として派遣先企業での教育訓練が義務化されました。ここでは派遣先企業が行うべき教育訓練に関する説明をしたいと思います。

派遣先企業での教育訓練とは

派遣先企業での教育訓練に関する注意点がいくつかあるので、ご紹介します。

訓練費用について

段階的かつ体系的な教育訓練は、必ず有給・無償のものでなければなりません。 また、その費用を派遣社員の給料の削減等によって補うことはしてはいけません。

派遣元企業への情報提供

派遣元企業の求めに応じて、派遣社員のキャリアアップに資するよう、業務遂行状況や業務遂行能力の向上度合、教育訓練に関する内容などの情報を提供する

正社員の募集状況の提供義務

派遣先企業は、以下の条件を満たす場合、派遣社員に対して正社員の募集情報を知らせる義務があります。・派遣先の同じ事業所で1年以上継続して受け入れており、その事業所で正社員を募集する場合情報の提供方法としては、事業所内への掲示だけでなく、派遣元事業主を通じて知らせることも可能です。

ただし、全国転勤を伴う総合職など、派遣労働者が応募資格をもたない募集情報を周知する必要はありません。

参考：平成27年労働者派遣法改正法の概要（厚生労働省）

このように派遣元企業だけでなく、派遣先企業も法改正によって義務化になったことがあるため、注意が必要です。

教育訓練計画の作成の流れ

ここでは、段階的かつ体系的な教育訓練計画の作成の流れを解説します。

ステップ１：現状の把握や分析

まず、派遣社員一人ひとりの現状把握や分析をする必要があります。その際に派遣社員のスキルや課題、派遣社員自身のキャリアに関する考えを把握・分析し、整理することが大切です。

ステップ２：派遣社員の目標・目的の明確化

現状を把握・分析することで、「求められる人物像」や「身に着けるべきスキル」など目標や目的を明確にできます。仕事の種類別や勤続年数、職位別に目標や目的を細かく考えることで、段階的かつ体系的な教育訓練計画につながりやすくなります。

ステップ３：教育訓練計画の策定

「求められる人物像」や「身につけるべきスキル」を明確化することによって「この目標や目的を達成するためにはどんな教育訓練を行うべきか」を念頭に置き、実際に行う訓練内容・順序・時間・評価等の進め方を明確にしていきます。

訓練内容について

目的に応じて、様々な訓練内容がありますが、段階的かつ体系的な訓練は「階層別訓練」と「職能別訓練」を組み合わせることをおすすめします。

・階層別訓練とは職種に関係なく、勤続年数などで区分された各階層の社員を対象に、必要な能力を向上させるための訓練です。

・職能別訓練とは部門ごとの職種に応じて行われる教育訓練のことです。各部門での職務を遂行するために必要なスキルを身につけるための訓練です。

参考：キャリアアップに資する教育訓練計画の策定について（厚生労働省）

教育訓練の形式と選び方

派遣社員の教育訓練の形式は様々ですが、主な形式は以下の３つです。

OJT

集合研修

eラーニング

教育訓練の形式は多様で、それぞれにメリットとデメリットがあります。派遣社員のスキルレベルや業務内容に応じて、最適な訓練形式を選択することが重要です。ここでは、各訓練形式の特徴やメリット・デメリットについて説明します。

OJT

OJT「On-the-Job Training（オン・ザ・ジョブ・トレーニング）」とは、職場で実際の業務を通じて行われる教育訓練のことです。

メリットとしては、実務を通じて即戦力としてのスキルを身につけることができる点や、経験豊富な社員から直接指導を受けられるため、改善点をすぐに直せる点などが挙げられます。デメリットとしては、指導する側の負担が増えることや、指導者のスキルに依存するため教育の質にばらつきが生じる可能性があります。また、忙しい職場では計画的な訓練が難しい場合があったり、実践に重点を置くため、理論や基礎的な知識が不足する可能性があります。

集合研修

集合研修とは、特定の場所に社員を集めて、一斉に講師が講義をする教育訓練のことです。

メリットとしては、専門の講師から専門的な知識を得ることができる点や、また、カリキュラムに質疑応答の機会があれば受講者の疑問をすぐに解決できる点などがあげられます。また、他の社員とコミュニケーションを取る機会もあるため、人脈を広げることもできます。

デメリットとしては、開催場所や日時が固定されるため、業務のスケジュール調整が必要になることや、全員が一斉に同じ内容を学ぶため、業務を一旦停止しなければならない点が挙げられます。また、外部の講師を呼ぶ場合にコストがかかること、会場の手配等で担当者の手間がかかってしまうこともあります。

eラーニング

eラーニングとは、インターネットを利用してオンラインで行う教育訓練のことです。メリットとしては、インターネットの接続さえあれば、場所や時間に縛られず自分のペースで学習でき、忙しい人や、働きながら学ぶことに適しています。また、コスト効率も良く、教材の印刷や講師の派遣が不要で、多くの受講者に対して一度に教育を提供できるため、コストを削減できます。デメリットは、自己管理が求められるためモチベーションを維持するのが難しい場合があります。また、講師のサポートが制限され、直接対面での指導や質問ができず講師のサポートが限定的になることがあります。さらに、必要なIT環境が整っていない場合や、実務を伴う訓練には不向きな側面もあります。

eラーニングは、多くの利便性と効率性を提供する一方で、自己管理や技術的な課題も伴います。効果的に利用するためには、学習者自身の積極的な姿勢や環境の整備が重要です。

教育訓練にeラーニングを活用する際はイー・コミュニケーションズのSAKU-SAKUTestingをおすすめします

イー・コミュニケーションズは、研修のeラーニングサービス、試験のCBTサービスなど、検定団体や企業の検定試験や研修、通信教育に関する20年以上のシステム運用実績を有しています。eラーニングシステムの提供はもちろん、運用支援や他システムとの連携など、お客様のニーズに合ったサービスをご提案できます。&nbsp;オンラインのeラーニング研修を実施するなら、累計1,500社、月20万IDが利用するeラーニングプラットフォームSAKU-SAKU Testingがおすすめです。スマートフォン、タブレット、PCのマルチデバイスから利用でき、動画やスライド教材など幅広い出題形式に対応しています。

メール予約配信機能を使えば、受講案内や督促などメールを簡単予約配信できます。メールテンプレートを活用することで運用負荷を大幅軽減できます。

「マニュアル不要で誰でも操作ができる」をコンセプトに開発されたため、導入後の担当者の負荷が少なく、効率的な運用が可能です。

ご興味がおありの場合は、お気軽にお問い合わせください。

まとめ

派遣社員の教育訓練は、派遣社員のスキルアップやキャリア支援によって正社員と派遣社員の待遇差をなくすための措置です。派遣元企業だけでなく、派遣社員を受け入れる企業にも法的義務があり、守る必要があります。このような措置は派遣社員のモチベーション向上や業務効率の向上に寄与します。

前の記事

社員研修の目標はどう設定する？目標の例文を【研修別】に分かりやすく解説！

次の記事

正しい人事評価とは？評価項目ごとに解説します

ツイート

&nbsp;

組織が発展していくには、社員一人ひとりの能力を向上させることが不可欠です。 そのためにも、企業は個々のスキルアップを促す仕組み作りをする必要があります。 このメディアでは、社員教育に力を入れていきたい企業様に向けて、 教育・研修をメインに社員が成長していくための情報を発信していきます。

試験のDX化、人材教育の課題など、私たちイー・コミュニケーションズが解決します。

ツイート

株式会社イー・コミュニケーションズ( e-communications Inc.)〒106-0032 東京都港区六本木7丁目15-7 SENQ六本木704TEL&nbsp;&nbsp; &nbsp;03-3560-3901

イー・コミュニケーションズ

ニュース

私たちについて

代表挨拶

ミッション・ビジョン

ボードメンバー紹介

事業内容

CBT・オンラインテスト事業

eラーニング事業

導入事例

会社概要

お役立ちコラム

沿革

プライバシーポリシー

情報セキュリティ基本方針

お問い合わせ

サイトマップ

Copyright ©e-communications,Inc.

@e-communications,lnc."
10,ksoffice-haken.com,キャリアアップに資する教育訓練計画｜K'sオフィス,https://ksoffice-haken.com/career-planning,株式会社K'sオフィスは北九州市を中心に、多岐にわたるお仕事をご紹介しています。キャリアアップに資する教育訓練なども行っており、サポートに力をいれております。,(本文抽出不可)
